# ************************************************************
# Sequel Pro SQL dump
# Version 4541
#
# http://www.sequelpro.com/
# https://github.com/sequelpro/sequelpro
#
# Host: 127.0.0.1 (MySQL 5.7.18)
# Database: kolon
# Generation Time: 2018-02-17 14:42:11 +0000
# ************************************************************


/*!40101 SET @OLD_CHARACTER_SET_CLIENT=@@CHARACTER_SET_CLIENT */;
/*!40101 SET @OLD_CHARACTER_SET_RESULTS=@@CHARACTER_SET_RESULTS */;
/*!40101 SET @OLD_COLLATION_CONNECTION=@@COLLATION_CONNECTION */;
/*!40101 SET NAMES utf8 */;
/*!40014 SET @OLD_FOREIGN_KEY_CHECKS=@@FOREIGN_KEY_CHECKS, FOREIGN_KEY_CHECKS=0 */;
/*!40101 SET @OLD_SQL_MODE=@@SQL_MODE, SQL_MODE='NO_AUTO_VALUE_ON_ZERO' */;
/*!40111 SET @OLD_SQL_NOTES=@@SQL_NOTES, SQL_NOTES=0 */;


# Dump of table BOARD
# ------------------------------------------------------------

DROP TABLE IF EXISTS `BOARD`;

CREATE TABLE `BOARD` (
  `BOARD_IDX` bigint(20) NOT NULL AUTO_INCREMENT,
  `BOARD_TYPE` varchar(50) NOT NULL,
  `TITLE` varchar(500) NOT NULL DEFAULT '',
  `CONTENT` text,
  `CONTENT_TYPE` varchar(50) DEFAULT '',
  `READ_CNT` int(11) DEFAULT '0',
  `OPEN_DT` varchar(10) DEFAULT '',
  `CLOSE_DT` varchar(10) DEFAULT '',
  `HTML_YN` char(1) DEFAULT 'N',
  `USE_YN` char(1) DEFAULT 'Y',
  `DEL_YN` char(1) DEFAULT 'N',
  `WRITE_NM` varchar(50) DEFAULT '',
  `WRITE_HP` varchar(20) DEFAULT '',
  `WRITE_EMAIL` varchar(100) DEFAULT '',
  `ORDERER_DATE_TIME` varchar(500) DEFAULT '',
  `ORDER_NO` smallint(6) DEFAULT NULL,
  `REG_DTTM` datetime DEFAULT NULL,
  `REG_USERID` varchar(50) DEFAULT NULL,
  `UPD_DTTM` datetime DEFAULT NULL,
  `UPD_USERID` varchar(50) DEFAULT NULL,
  `USR_ID` int(11) NOT NULL,
  `CMPLX_ID` int(11) NOT NULL,
  PRIMARY KEY (`BOARD_IDX`)
) ENGINE=InnoDB DEFAULT CHARSET=utf8;

LOCK TABLES `BOARD` WRITE;
/*!40000 ALTER TABLE `BOARD` DISABLE KEYS */;

INSERT INTO `BOARD` (`BOARD_IDX`, `BOARD_TYPE`, `TITLE`, `CONTENT`, `CONTENT_TYPE`, `READ_CNT`, `OPEN_DT`, `CLOSE_DT`, `HTML_YN`, `USE_YN`, `DEL_YN`, `WRITE_NM`, `WRITE_HP`, `WRITE_EMAIL`, `ORDERER_DATE_TIME`, `ORDER_NO`, `REG_DTTM`, `REG_USERID`, `UPD_DTTM`, `UPD_USERID`, `USR_ID`, `CMPLX_ID`)
VALUES
	(1,'event','title','content','',0,'','','N','Y','N','','','','',NULL,'2018-02-01 09:24:06',NULL,'2018-02-01 09:24:06',NULL,14,0),
	(2,'event','title','content','',0,'','','N','Y','Y','','','','',NULL,'2018-02-01 09:24:29',NULL,'2018-02-10 12:27:18',NULL,14,0),
	(3,'event','title','content','',0,'','','N','Y','N','','','','',NULL,'2018-02-02 06:01:53',NULL,'2018-02-02 06:01:53',NULL,14,0);

/*!40000 ALTER TABLE `BOARD` ENABLE KEYS */;
UNLOCK TABLES;


# Dump of table BOARD_FILE
# ------------------------------------------------------------

DROP TABLE IF EXISTS `BOARD_FILE`;

CREATE TABLE `BOARD_FILE` (
  `FILE_IDX` bigint(20) NOT NULL AUTO_INCREMENT,
  `BOARD_IDX` bigint(20) NOT NULL,
  `FILE_TYPE` varchar(50) DEFAULT NULL,
  `FILE_NM` varchar(255) DEFAULT NULL,
  `FILE_ORG_NM` varchar(255) DEFAULT NULL,
  `FILE_PATH` varchar(255) DEFAULT NULL,
  `FILE_SIZE` bigint(20) DEFAULT '0',
  `DEL_YN` char(1) DEFAULT 'N',
  `DISP_ORDER` smallint(6) DEFAULT '1',
  `REG_DTTM` datetime DEFAULT NULL,
  `REG_USERID` varchar(50) DEFAULT NULL,
  `UPD_DTTM` datetime DEFAULT NULL,
  `UPD_USERID` varchar(50) DEFAULT NULL,
  PRIMARY KEY (`FILE_IDX`)
) ENGINE=InnoDB DEFAULT CHARSET=utf8;

LOCK TABLES `BOARD_FILE` WRITE;
/*!40000 ALTER TABLE `BOARD_FILE` DISABLE KEYS */;

INSERT INTO `BOARD_FILE` (`FILE_IDX`, `BOARD_IDX`, `FILE_TYPE`, `FILE_NM`, `FILE_ORG_NM`, `FILE_PATH`, `FILE_SIZE`, `DEL_YN`, `DISP_ORDER`, `REG_DTTM`, `REG_USERID`, `UPD_DTTM`, `UPD_USERID`)
VALUES
	(1,0,'image/jpeg',NULL,NULL,'origin/article/1518826385739.jpeg',0,'N',1,'2018-02-17 09:13:06',NULL,'2018-02-17 09:13:06',NULL),
	(2,0,'image/jpeg',NULL,NULL,'origin/article/1518828447178.jpeg',0,'N',1,'2018-02-17 09:47:27',NULL,'2018-02-17 09:47:27',NULL),
	(3,0,'image/jpeg',NULL,NULL,'origin/article/1518835487077.jpeg',0,'N',1,'2018-02-17 11:44:47',NULL,'2018-02-17 11:44:47',NULL),
	(4,0,'image/jpeg',NULL,NULL,'origin/article/1518835562929.jpeg',0,'N',1,'2018-02-17 11:46:03',NULL,'2018-02-17 11:46:03',NULL),
	(5,0,'image/jpeg',NULL,NULL,'origin/article/1518836666636.jpeg',0,'N',1,'2018-02-17 12:04:27',NULL,'2018-02-17 12:04:27',NULL),
	(6,0,'image/jpeg',NULL,NULL,'origin/article/1518857712999.jpeg',0,'N',1,'2018-02-17 17:55:13',NULL,'2018-02-17 17:55:13',NULL);

/*!40000 ALTER TABLE `BOARD_FILE` ENABLE KEYS */;
UNLOCK TABLES;


# Dump of table COMPLEX_GRP_TYPE_M
# ------------------------------------------------------------

DROP TABLE IF EXISTS `COMPLEX_GRP_TYPE_M`;

CREATE TABLE `COMPLEX_GRP_TYPE_M` (
  `CMPLX_GRP_TYPE_ID` int(11) NOT NULL AUTO_INCREMENT,
  `CMPLX_GRP_TYPE` varchar(100) DEFAULT NULL,
  `CMPLX_GRP_TYPE_DESC` varchar(200) DEFAULT NULL,
  PRIMARY KEY (`CMPLX_GRP_TYPE_ID`)
) ENGINE=InnoDB DEFAULT CHARSET=utf8;

LOCK TABLES `COMPLEX_GRP_TYPE_M` WRITE;
/*!40000 ALTER TABLE `COMPLEX_GRP_TYPE_M` DISABLE KEYS */;

INSERT INTO `COMPLEX_GRP_TYPE_M` (`CMPLX_GRP_TYPE_ID`, `CMPLX_GRP_TYPE`, `CMPLX_GRP_TYPE_DESC`)
VALUES
	(1,'따복하우스','공공:따복하우스 단지그룹'),
	(2,'CommonLife','민간:커먼라이프 단지그룹');

/*!40000 ALTER TABLE `COMPLEX_GRP_TYPE_M` ENABLE KEYS */;
UNLOCK TABLES;


# Dump of table COMPLEX_M
# ------------------------------------------------------------

DROP TABLE IF EXISTS `COMPLEX_M`;

CREATE TABLE `COMPLEX_M` (
  `CMPLX_ID` int(11) NOT NULL,
  `PRJCT_CD` varchar(10) NOT NULL,
  `CMPLX_CD` varchar(30) DEFAULT NULL,
  `CMPLX_NM` varchar(100) DEFAULT NULL,
  `CMPLX_S_NM` varchar(100) DEFAULT NULL,
  `LATI_POS` double DEFAULT NULL,
  `LONG_POS` double DEFAULT NULL,
  `SIZ` varchar(10) DEFAULT NULL,
  `LND_SIZ` varchar(10) DEFAULT NULL,
  `UNIT_CNT` varchar(30) DEFAULT NULL,
  `ADDR` varchar(200) DEFAULT NULL,
  `ADDR_DTL` varchar(200) DEFAULT NULL,
  `ADDR1` varchar(200) DEFAULT NULL,
  `ADDR2` varchar(200) DEFAULT NULL,
  `LOC1_NM` varchar(30) DEFAULT NULL,
  `LOC2_NM` varchar(30) DEFAULT NULL,
  `LOC3_NM` varchar(30) DEFAULT NULL,
  `POST_NO` varchar(30) DEFAULT NULL,
  `IMG_SRC` varchar(200) DEFAULT NULL,
  `GW_CD` char(30) DEFAULT NULL,
  `GW_PRJCT_CD` varchar(30) DEFAULT NULL COMMENT 'GW프로젝트코드',
  `GW_LOC_NM` varchar(30) DEFAULT NULL COMMENT 'GW_지역명',
  `VOICE_ENGINE_CD` varchar(30) DEFAULT NULL,
  `CONN_URL` varchar(80) DEFAULT NULL,
  `MAP_SRC` varchar(300) DEFAULT NULL,
  `LOGO_IMG_SRC` varchar(200) DEFAULT NULL,
  `MNL_SRC` varchar(200) DEFAULT NULL,
  `AWS_ID` varchar(30) DEFAULT NULL,
  `DEVICE_APL_YN` char(1) DEFAULT NULL,
  `DEVICE_APL_DT` datetime DEFAULT NULL,
  `SIP_IP` varchar(30) DEFAULT NULL,
  `SIP_PORT` varchar(30) DEFAULT NULL,
  `SIP_PROTOCOL` varchar(30) DEFAULT NULL,
  `SEC_ID` varchar(30) DEFAULT NULL,
  `ADMIN_ID` varchar(30) DEFAULT NULL,
  `VIDEO_CALL_YN` varchar(30) DEFAULT NULL,
  `RMK` varchar(500) DEFAULT NULL,
  `REG_ID` varchar(20) DEFAULT NULL,
  `REG_DT` datetime DEFAULT NULL,
  `CHG_ID` varchar(20) DEFAULT NULL,
  `CHG_DT` datetime DEFAULT NULL,
  PRIMARY KEY (`CMPLX_ID`)
) ENGINE=InnoDB DEFAULT CHARSET=utf8;

LOCK TABLES `COMPLEX_M` WRITE;
/*!40000 ALTER TABLE `COMPLEX_M` DISABLE KEYS */;

INSERT INTO `COMPLEX_M` (`CMPLX_ID`, `PRJCT_CD`, `CMPLX_CD`, `CMPLX_NM`, `CMPLX_S_NM`, `LATI_POS`, `LONG_POS`, `SIZ`, `LND_SIZ`, `UNIT_CNT`, `ADDR`, `ADDR_DTL`, `ADDR1`, `ADDR2`, `LOC1_NM`, `LOC2_NM`, `LOC3_NM`, `POST_NO`, `IMG_SRC`, `GW_CD`, `GW_PRJCT_CD`, `GW_LOC_NM`, `VOICE_ENGINE_CD`, `CONN_URL`, `MAP_SRC`, `LOGO_IMG_SRC`, `MNL_SRC`, `AWS_ID`, `DEVICE_APL_YN`, `DEVICE_APL_DT`, `SIP_IP`, `SIP_PORT`, `SIP_PROTOCOL`, `SEC_ID`, `ADMIN_ID`, `VIDEO_CALL_YN`, `RMK`, `REG_ID`, `REG_DT`, `CHG_ID`, `CHG_DT`)
VALUES
	(119,'CV10101','7000','Cvnet 단지(TCP)','씨브이넷아파트',37.5576862,126.92348700000002,NULL,NULL,'','서울 마포구 동교로 171 (동교동)','','서울시','마포구','','','','13837','','cvnet',NULL,NULL,'',NULL,NULL,'apt1502349010965',NULL,'cvnet@kolon.com',NULL,NULL,'118.223.28.76','25061','','01050100','01000100','Y','','admin','2017-03-31 14:26:42','ssrho','2017-11-08 10:21:34'),
	(125,'DONGWON','1234','동원테스트현장','동원테스트현장',37.3945833,126.96039280000002,NULL,NULL,'2','경기 안양시 동안구 시민대로 273 (관양동, 효성인텔리안)','','경기','안양시','경기','안양시','','14054','apt1515375112535','commax','','','',NULL,NULL,'apt1506047271149','apt1515374728671','joyer@kolon.com',NULL,NULL,'','','','','','','','bdw1002','2017-06-01 16:36:12','inmyeong_jeong','2018-01-15 11:05:06'),
	(126,'SAM1234','4000','삼성스마트가전','삼성',37.5104873,127.04599229999997,NULL,NULL,'','서울 강남구 봉은사로 418 (삼성동, 조양빌딩)','','서울','강남구','서울','강남구','','06153','','commax',NULL,NULL,'',NULL,NULL,'apt1501544428869',NULL,'ssrho@kolon.com',NULL,NULL,'','','','','','','','bdw1002','2017-07-04 18:10:56','ssrho','2017-09-26 12:02:49'),
	(127,'PJ-TBS1','TBS1','따복하우스1차 베니트 개발','따복 1차 베니트',37.4255245,126.99038900000005,NULL,NULL,'3','경기 과천시 코오롱로 11 (별양동, 코오롱)','10층 (별양동 코오롱타워 본관)','경기','과천시','경기','과천시','','13837','','commax',NULL,NULL,'',NULL,NULL,NULL,NULL,'joyer@kolon.com',NULL,NULL,'','','','','','','TBS1 : Test+Benit+Service+1','hyunjae_woo','2017-11-06 16:34:43','hyunjae_woo','2017-11-08 13:11:19'),
	(128,'CV00001','CVNT','CVNET(Rest)','CVREST',NULL,NULL,NULL,NULL,'100','경기 수원시 권선구 경수대로 14 (대황교동, 대황교동 가스충전소)','','서울특별시','강남구','서울특별시','강남구','','16661','','CVNET',NULL,NULL,'MB01101',NULL,NULL,NULL,NULL,'joyer@kolon.com',NULL,NULL,'','','','','','','','ssrho','2017-11-08 10:23:27','inmyeong_jeong','2017-11-15 16:04:59'),
	(129,'PJ-TCS1','TCS1','따복하우스1차 코맥스 개발','코맥스 개발.',37.4308517,127.1550545,NULL,NULL,'1','경기 성남시 중원구 둔촌대로 494 (상대원동)','','경기','성남시','경기','성남시','','13229','','commax',NULL,NULL,'',NULL,NULL,NULL,NULL,'joyer@kolon.com',NULL,NULL,'','','','','','','TCS1 : Test+Commax+Service+1','hyunjae_woo','2017-11-08 13:20:48','bdw1002','2017-11-16 14:32:24'),
	(130,'LOAD1234','LOAD','Load Runner 현장','Load Runner 현장',37.4255245,126.99038900000005,NULL,NULL,'1000','경기 과천시 코오롱로 11 (별양동, 코오롱)','10층','경기','과천시','경기','과천시','','13837','','commax',NULL,NULL,'',NULL,NULL,NULL,NULL,'joyer@kolon.com',NULL,NULL,'','','','','','','','bdw1002','2017-11-10 10:58:14','bdw1002','2017-11-10 14:28:20');

/*!40000 ALTER TABLE `COMPLEX_M` ENABLE KEYS */;
UNLOCK TABLES;


# Dump of table COMPLEX_M_EXT
# ------------------------------------------------------------

DROP TABLE IF EXISTS `COMPLEX_M_EXT`;

CREATE TABLE `COMPLEX_M_EXT` (
  `CMPLX_EXT_ID` int(11) NOT NULL AUTO_INCREMENT,
  `CMPLX_ID` int(11) DEFAULT NULL,
  `CL_MAP_SRC` varchar(500) DEFAULT NULL,
  `CL_LOGO_IMG_SRC` varchar(500) DEFAULT NULL,
  PRIMARY KEY (`CMPLX_EXT_ID`),
  UNIQUE KEY `CMPLX_IDX` (`CMPLX_ID`)
) ENGINE=InnoDB DEFAULT CHARSET=utf8;



# Dump of table EXAMPLE
# ------------------------------------------------------------

DROP TABLE IF EXISTS `EXAMPLE`;

CREATE TABLE `EXAMPLE` (
  `id` int(11) NOT NULL AUTO_INCREMENT,
  `name` varchar(100) DEFAULT NULL,
  PRIMARY KEY (`id`),
  UNIQUE KEY `name_UNIQUE` (`name`)
) ENGINE=InnoDB DEFAULT CHARSET=utf8;

LOCK TABLES `EXAMPLE` WRITE;
/*!40000 ALTER TABLE `EXAMPLE` DISABLE KEYS */;

INSERT INTO `EXAMPLE` (`id`, `name`)
VALUES
	(14,'NEW NEW!!'),
	(1,'NEWS'),
	(11,'test12'),
	(2,'test2'),
	(3,'test3'),
	(13,'test33'),
	(8,'test6'),
	(10,'test7');

/*!40000 ALTER TABLE `EXAMPLE` ENABLE KEYS */;
UNLOCK TABLES;


# Dump of table LIKE
# ------------------------------------------------------------

DROP TABLE IF EXISTS `LIKE`;

CREATE TABLE `LIKE` (
  `LIKE_IDX` int(11) unsigned NOT NULL AUTO_INCREMENT,
  `PARENT_TYPE` varchar(31) NOT NULL DEFAULT '',
  `PARENT_IDX` int(11) unsigned NOT NULL,
  `USR_IDX` int(11) unsigned NOT NULL,
  `DEL_YN` char(1) NOT NULL DEFAULT 'N',
  `REG_DTTM` datetime NOT NULL DEFAULT CURRENT_TIMESTAMP,
  `UPD_DTTM` datetime NOT NULL DEFAULT CURRENT_TIMESTAMP,
  PRIMARY KEY (`LIKE_IDX`)
) ENGINE=InnoDB DEFAULT CHARSET=utf8;



# Dump of table SERVICE_PROPERTIES
# ------------------------------------------------------------

DROP TABLE IF EXISTS `SERVICE_PROPERTIES`;

CREATE TABLE `SERVICE_PROPERTIES` (
  `PROP_GROUP` varchar(100) NOT NULL,
  `PROP_KEY` varchar(100) NOT NULL,
  `PROP_VALUE` varchar(1000) DEFAULT NULL,
  `PROP_DESC` varchar(500) DEFAULT NULL,
  `USE_YN` char(10) NOT NULL DEFAULT 'N',
  `REG_DTTM` datetime DEFAULT CURRENT_TIMESTAMP,
  `REG_USERID` varchar(50) DEFAULT NULL,
  `UPD_DTTM` datetime DEFAULT NULL,
  `UPD_USERID` varchar(50) DEFAULT NULL,
  PRIMARY KEY (`PROP_KEY`,`PROP_GROUP`)
) ENGINE=InnoDB DEFAULT CHARSET=utf8;

LOCK TABLES `SERVICE_PROPERTIES` WRITE;
/*!40000 ALTER TABLE `SERVICE_PROPERTIES` DISABLE KEYS */;

INSERT INTO `SERVICE_PROPERTIES` (`PROP_GROUP`, `PROP_KEY`, `PROP_VALUE`, `PROP_DESC`, `USE_YN`, `REG_DTTM`, `REG_USERID`, `UPD_DTTM`, `UPD_USERID`)
VALUES
	('POST','DN_S3_KEY_PREFIX',NULL,'POST 이미지 다운로드 S3 버킷에 저장된 객체의 Prefix 이름 (i.e. 저장 경로)','Y','2018-02-12 06:29:51',NULL,NULL,NULL),
	('POST','DN_S3_NAME','cl.dev.image.target','POST 이미지 다운로드 S3 버킷 이름','Y','2018-02-12 06:29:51',NULL,NULL,NULL),
	('example','key1','value11','description // value1','Y',NULL,NULL,NULL,NULL),
	('example2','key1','value21','desc 1','Y',NULL,NULL,NULL,NULL),
	('example','key2','value12','description // value2','Y',NULL,NULL,NULL,NULL),
	('example2','key2','value22','desc 2','Y',NULL,NULL,NULL,NULL),
	('IOK','MASTER_HOST','https://dev-master.smartiok.com','IOK 모바일 마스터 서버의 호스트 명: 회원 가입 및 로그인을 위한 마스터 서버 접속에 이용됨 ','Y',NULL,NULL,NULL,NULL),
	('POST','S3_ACCESS_KEY','AKIAJVCEPXZYSTVAITNA',NULL,'Y','2018-02-12 06:29:51',NULL,NULL,NULL),
	('POST','S3_ACCESS_SECRET','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',NULL,'Y','2018-02-12 06:29:51',NULL,NULL,NULL),
	('POST','UP_S3_KEY_PREFIX',NULL,'POST 이미지 업로드 S3 버킷에 저장되는 객체의 Prefix 이름 (i.e. 저장 경로)','Y',NULL,NULL,NULL,NULL),
	('POST','UP_S3_NAME','cl.dev.image.origin','POST 이미지 업로드 S3 버킷 이름','Y',NULL,NULL,NULL,NULL);

/*!40000 ALTER TABLE `SERVICE_PROPERTIES` ENABLE KEYS */;
UNLOCK TABLES;


# Dump of table USR_INFO
# ------------------------------------------------------------

DROP TABLE IF EXISTS `USR_INFO`;

CREATE TABLE `USR_INFO` (
  `USR_ID` int(11) NOT NULL,
  `CLASS` varchar(30) DEFAULT NULL,
  `KIND` varchar(30) DEFAULT NULL,
  `USER_ID` varchar(30) DEFAULT NULL,
  `USER_PW` varchar(100) DEFAULT NULL,
  `USER_NM` varchar(30) DEFAULT NULL,
  `CELL` varchar(20) DEFAULT NULL,
  `EMAIL` varchar(50) DEFAULT NULL,
  `CELL_YN` char(1) DEFAULT NULL,
  `EMAIL_YN` char(1) DEFAULT NULL,
  `LIVE_YN` char(1) DEFAULT NULL,
  `IN_DT` varchar(8) DEFAULT NULL,
  `OUT_DT` varchar(8) DEFAULT NULL,
  `RE_DT` varchar(8) DEFAULT NULL,
  `SMS_CHK_YN` char(1) DEFAULT NULL,
  `SMS_CHK_NO` varchar(30) DEFAULT NULL,
  `SMS_CHK_DT` datetime DEFAULT NULL,
  `APRV_STS` varchar(30) DEFAULT NULL,
  `CMPLX_ID` int(11) DEFAULT NULL,
  `DONG` varchar(30) DEFAULT NULL,
  `HO` varchar(30) DEFAULT NULL,
  `HEAD_ID` int(11) DEFAULT NULL,
  `LOGIN_YN` char(1) DEFAULT NULL,
  `SIP_USER_ID` varchar(30) DEFAULT NULL,
  `SIP_USER_CANCEL` varchar(30) DEFAULT NULL,
  `TOKEN` varchar(500) DEFAULT NULL,
  `TOKEN_ISSUE_DT` datetime DEFAULT NULL,
  `TOKEN_VALID_DT` datetime DEFAULT NULL,
  `TOKEN_HEADER` varchar(100) DEFAULT NULL,
  `TOKEN_PAYLOAD` varchar(300) DEFAULT NULL,
  `TOKEN_SIGNATURE` varchar(100) DEFAULT NULL,
  `TOKEN_ENCRYPT` varchar(300) DEFAULT NULL,
  `TOKEN_ISSUER` varchar(100) DEFAULT NULL,
  `SECRET_KEY` varchar(100) DEFAULT NULL,
  `GW_TOKEN` varchar(500) DEFAULT NULL COMMENT 'GW_토큰',
  `GW_VALID_DT` datetime DEFAULT NULL COMMENT 'GW_토큰유효시간',
  `GW_ACCESS_ID` varchar(100) DEFAULT NULL COMMENT 'GW_접속ID',
  `REG_ID` varchar(20) DEFAULT NULL,
  `REG_DT` datetime DEFAULT NULL,
  `CHG_ID` varchar(20) DEFAULT NULL,
  `CHG_DT` datetime DEFAULT NULL,
  PRIMARY KEY (`USR_ID`)
) ENGINE=InnoDB DEFAULT CHARSET=utf8;

LOCK TABLES `USR_INFO` WRITE;
/*!40000 ALTER TABLE `USR_INFO` DISABLE KEYS */;

INSERT INTO `USR_INFO` (`USR_ID`, `CLASS`, `KIND`, `USER_ID`, `USER_PW`, `USER_NM`, `CELL`, `EMAIL`, `CELL_YN`, `EMAIL_YN`, `LIVE_YN`, `IN_DT`, `OUT_DT`, `RE_DT`, `SMS_CHK_YN`, `SMS_CHK_NO`, `SMS_CHK_DT`, `APRV_STS`, `CMPLX_ID`, `DONG`, `HO`, `HEAD_ID`, `LOGIN_YN`, `SIP_USER_ID`, `SIP_USER_CANCEL`, `TOKEN`, `TOKEN_ISSUE_DT`, `TOKEN_VALID_DT`, `TOKEN_HEADER`, `TOKEN_PAYLOAD`, `TOKEN_SIGNATURE`, `TOKEN_ENCRYPT`, `TOKEN_ISSUER`, `SECRET_KEY`, `GW_TOKEN`, `GW_VALID_DT`, `GW_ACCESS_ID`, `REG_ID`, `REG_DT`, `CHG_ID`, `CHG_DT`)
VALUES
	(14,'AD00501','AD00501','benit204','fumT4DmfVP/X+RgvSg1CBNA6QAberSGDf0Iu49s0cMSlundj0QVHqTM+hS6BcVyY','홍길동','010-2584-3958','youknow@kolon.com','Y','a','N',NULL,NULL,NULL,'Y',NULL,NULL,'AD00404',NULL,'201','204',14,NULL,NULL,NULL,NULL,NULL,NULL,NULL,NULL,NULL,NULL,NULL,NULL,NULL,NULL,NULL,NULL,NULL,NULL,NULL),
	(627,'AD00501',NULL,'cv10201','fumT4DmfVP/X+RgvSg1CBNA6QAberSGDf0Iu49s0cMSlundj0QVHqTM+hS6BcVyY','백동원','010-6578-5597','','','','N',NULL,NULL,NULL,'Y','691633','2017-03-31 14:33:48','AD00404',119,'101','102',606,'Y',NULL,NULL,'eyJhbGciOiJIUzI1NiIsInR5cCI6IkpXVCJ9.eyJleHAiOjE1MDk5NDQxMzUsIlVTRVJfSUQiOiJjdjEwMjAxIiwiaXNzIjoic21hcnRpb2sifQ.8_srZdye_Nx46lmql0LbQzdMQsgroZvWW2PcMoXVJrY','2017-11-06 13:45:05','2017-11-06 13:55:35','eyJhbGciOiJIUzI1NiIsInR5cCI6IkpXVCJ9','eyJleHAiOjE1MDk5NDQxMzUsIlVTRVJfSUQiOiJjdjEwMjAxIiwiaXNzIjoic21hcnRpb2sifQ','8_srZdye_Nx46lmql0LbQzdMQsgroZvWW2PcMoXVJrY','hlFkvKePjeBzTKn2IbULO4D4gNS9REXSncZZQ0kfI8yGd7Gm8DhiM9MRMwt9q5Qq',NULL,'3c07c5d939a88a2d',NULL,NULL,NULL,'system','2017-03-31 14:33:48','system','2017-11-06 13:45:05'),
	(628,'AD00502',NULL,'cv10202','OuBT7A/7ITFGda47n9+EKak7UXNqPKLpSexlYSf+c0rsL1gcE0X59urc1f/NPVcL','백동원2','010-6578-5597','bdw1002@kolon.com','Y','Y','N',NULL,NULL,NULL,'Y','569353','2017-03-31 14:34:22','AD00404',119,'101','102',606,'N',NULL,NULL,NULL,NULL,NULL,NULL,NULL,NULL,NULL,NULL,NULL,NULL,NULL,NULL,'system','2017-03-31 14:34:23','youknow','2017-08-17 14:14:33'),
	(645,'AD00502',NULL,'cv10203','OuBT7A/7ITFGda47n9+EKak7UXNqPKLpSexlYSf+c0rsL1gcE0X59urc1f/NPVcL','백천재','010-6578-5597','','','','N',NULL,NULL,NULL,'Y','124554','2017-04-07 10:28:26','AD00404',119,'101','102',606,'A',NULL,NULL,'eyJhbGciOiJIUzI1NiIsInR5cCI6IkpXVCJ9.eyJIT01FX0lEIjoiMSIsIlVTRVJfTk0iOiLrsLHsspzsnqwiLCJVU0VSX0lEIjoiY3YxMDIwMyIsImlzcyI6ImhvbWVpb3R0ZiIsIkNNUExYX0lEIjoiMTE5In0.NXw6kEQerJ738Lga733fEmEjJC6zPL4LWc82E5I4-pM',NULL,'2017-08-16 11:25:32',NULL,NULL,NULL,NULL,NULL,NULL,NULL,NULL,NULL,'system','2017-04-07 10:28:26','youknow','2017-08-17 14:14:39'),
	(646,'AD00502',NULL,'cv10204','OuBT7A/7ITFGda47n9+EKak7UXNqPKLpSexlYSf+c0rsL1gcE0X59urc1f/NPVcL','김윤호','010-6578-5597','','','','N',NULL,NULL,NULL,'Y','924558','2017-04-07 10:30:07','AD00404',119,'101','102',606,'A',NULL,NULL,'eyJhbGciOiJIUzI1NiIsInR5cCI6IkpXVCJ9.eyJIT01FX0lEIjoiMSIsIlVTRVJfTk0iOiLquYDsnKTtmLgiLCJVU0VSX0lEIjoiY3YxMDIwNCIsImlzcyI6ImhvbWVpb3R0ZiIsIkNNUExYX0lEIjoiMTE5In0.6MtDOmi5nVO1CDy6enH8vdBMvuMf3qM9ux2K61q2W1g',NULL,'2017-08-17 13:55:44',NULL,NULL,NULL,NULL,NULL,NULL,NULL,NULL,NULL,'system','2017-04-07 10:30:07','system','2017-08-19 11:42:16'),
	(689,'AD00502',NULL,'hskteck1','fumT4DmfVP/X+RgvSg1CBNA6QAberSGDf0Iu49s0cMSlundj0QVHqTM+hS6BcVyY','김홍석','','','','',NULL,NULL,NULL,NULL,NULL,NULL,NULL,'AD00404',129,'0101','0101',623,'Y',NULL,NULL,'eyJhbGciOiJIUzI1NiIsInR5cCI6IkpXVCJ9.eyJleHAiOjE1MTEzMTc2NjUsIlVTRVJfSUQiOiJoc2t0ZWNrMSIsImlzcyI6InNtYXJ0aW9rIn0.RkA5bSHtNEGjoqHlI8xKfzzSwdImMDYxQ7Q8rQx-72U','2017-11-22 09:27:15','2017-11-22 11:27:45','eyJhbGciOiJIUzI1NiIsInR5cCI6IkpXVCJ9','eyJleHAiOjE1MTEzMTc2NjUsIlVTRVJfSUQiOiJoc2t0ZWNrMSIsImlzcyI6InNtYXJ0aW9rIn0','RkA5bSHtNEGjoqHlI8xKfzzSwdImMDYxQ7Q8rQx-72U','4Steq7S8UnAb4wnx+r1mrxG/Vshoqr12/iCd6jSY9ZU8LcsyzJTNPT9vqew8NKf+',NULL,'61bc959d9bd5b42a',NULL,NULL,NULL,'hyunjae_woo','2017-11-08 13:29:46','system','2017-11-22 09:27:15'),
	(690,'AD00502',NULL,'hskteck2','fumT4DmfVP/X+RgvSg1CBNA6QAberSGDf0Iu49s0cMSlundj0QVHqTM+hS6BcVyY','김홍석2','','','','',NULL,NULL,NULL,NULL,NULL,NULL,NULL,'AD00404',129,'0101','0101',623,'N',NULL,NULL,'eyJhbGciOiJIUzI1NiIsInR5cCI6IkpXVCJ9.eyJleHAiOjE1MTAxMTY4ODAsIlVTRVJfSUQiOiJoc2t0ZWNrMiIsImlzcyI6InNtYXJ0aW9rIn0.4DjEfcRzbFBm9uuuJBOCd3wAKl5w8lT_SpHuiR9d2DA','2017-11-08 13:44:10','2017-11-08 13:54:40','eyJhbGciOiJIUzI1NiIsInR5cCI6IkpXVCJ9','eyJleHAiOjE1MTAxMTY4ODAsIlVTRVJfSUQiOiJoc2t0ZWNrMiIsImlzcyI6InNtYXJ0aW9rIn0','4DjEfcRzbFBm9uuuJBOCd3wAKl5w8lT_SpHuiR9d2DA','lbwuUzGEwoZfOrLLHhZZEEelC9pIeMpTUXKSWaVcC7HyfFIAmRzguT940tS2o2iG',NULL,'74d8cb7a1e4ae755',NULL,NULL,NULL,'hyunjae_woo','2017-11-08 13:30:19','system','2017-11-08 13:44:37'),
	(691,'AD00502',NULL,'hskteck3','fumT4DmfVP/X+RgvSg1CBNA6QAberSGDf0Iu49s0cMSlundj0QVHqTM+hS6BcVyY','김홍석3','','','','',NULL,NULL,NULL,NULL,NULL,NULL,NULL,'AD00404',129,'0101','0101',623,'N',NULL,NULL,'eyJhbGciOiJIUzI1NiIsInR5cCI6IkpXVCJ9.eyJleHAiOjE1MTAxMjQ5NjgsIlVTRVJfSUQiOiJoc2t0ZWNrMyIsImlzcyI6InNtYXJ0aW9rIn0.af3QtG0DEA1favzCvJ8lbDD5Gj1HbMdtpVIXnZjpC_8','2017-11-08 15:58:58','2017-11-08 16:09:28','eyJhbGciOiJIUzI1NiIsInR5cCI6IkpXVCJ9','eyJleHAiOjE1MTAxMjQ5NjgsIlVTRVJfSUQiOiJoc2t0ZWNrMyIsImlzcyI6InNtYXJ0aW9rIn0','af3QtG0DEA1favzCvJ8lbDD5Gj1HbMdtpVIXnZjpC_8','3RxDNBD1Db27UI67xhKoZfBM6pKaQUhgvtZ6FUSgj5qRxLUmNRr93oeNnNTD3EDN',NULL,'-3e8a8cb24a1e1b0f',NULL,NULL,NULL,'hyunjae_woo','2017-11-08 14:54:14','hyunjae_woo','2017-11-16 19:47:40'),
	(692,'AD00502',NULL,'benit','fumT4DmfVP/X+RgvSg1CBNA6QAberSGDf0Iu49s0cMSlundj0QVHqTM+hS6BcVyY','베니트','010-2584-3958','','','','N',NULL,NULL,NULL,'Y','797737','2017-11-08 16:20:16','AD00404',128,'101','3003',624,'N',NULL,NULL,'eyJhbGciOiJIUzI1NiIsInR5cCI6IkpXVCJ9.eyJleHAiOjE1MTQ4NTM5NDksIlVTRVJfSUQiOiJiZW5pdCIsImlzcyI6InNtYXJ0aW9rIn0.kCTopsjRnRKR8KvPw3AVt683MHjL3G9S7lTvt2yUQyc','2018-01-02 09:15:19','2018-01-02 09:45:29','eyJhbGciOiJIUzI1NiIsInR5cCI6IkpXVCJ9','eyJleHAiOjE1MTQ4NTM5NDksIlVTRVJfSUQiOiJiZW5pdCIsImlzcyI6InNtYXJ0aW9rIn0','kCTopsjRnRKR8KvPw3AVt683MHjL3G9S7lTvt2yUQyc','pdd7rpNW8X2Y72DxIYld5jE6LlWg3C2jWchH29CTkO0OqMBahmwkenAROqS+/E/l',NULL,'6d0bf210201a9171',NULL,NULL,NULL,'system','2017-11-08 16:20:16','system','2018-01-02 09:15:24'),
	(693,'',NULL,'baek','fumT4DmfVP/X+RgvSg1CBNA6QAberSGDf0Iu49s0cMSlundj0QVHqTM+hS6BcVyY','백동원','010-6578-5597','','','',NULL,NULL,NULL,NULL,NULL,NULL,NULL,'AD00404',125,'101','101',626,'Y',NULL,NULL,'eyJhbGciOiJIUzI1NiIsInR5cCI6IkpXVCJ9.eyJleHAiOjE1MTU1Njc2NzksIlVTRVJfSUQiOiJiYWVrIiwiaXNzIjoic21hcnRpb2sifQ.ZWt5dJCcE80nYkfVoxAVpX5d8LJeIEi7mPO7f2XWCHw','2018-01-10 15:30:49','2018-01-10 16:00:59','eyJhbGciOiJIUzI1NiIsInR5cCI6IkpXVCJ9','eyJleHAiOjE1MTU1Njc2NzksIlVTRVJfSUQiOiJiYWVrIiwiaXNzIjoic21hcnRpb2sifQ','ZWt5dJCcE80nYkfVoxAVpX5d8LJeIEi7mPO7f2XWCHw','3cKDRCy6yg7hAgJy3IE92Qx1im5/B2i839lQ7QtVBCB517dc1xirnAIOZm7hW9Mx',NULL,'f5ba85b29e4a948',NULL,NULL,NULL,'bdw1002','2017-11-29 15:05:03','system','2018-01-10 15:30:49'),
	(694,'',NULL,'jeong','fumT4DmfVP/X+RgvSg1CBNA6QAberSGDf0Iu49s0cMSlundj0QVHqTM+hS6BcVyY','정인명','010-4002-0152','','','',NULL,NULL,NULL,NULL,NULL,NULL,NULL,'AD00404',125,'101','101',626,'Y',NULL,NULL,'eyJhbGciOiJIUzI1NiIsInR5cCI6IkpXVCJ9.eyJleHAiOjE1MTYwNjI3NzQsIlVTRVJfSUQiOiJqZW9uZyIsImlzcyI6InNtYXJ0aW9rIn0.bi6XrePdpTnYcI68Vbt2vwZZ8k_dFycVpkA0B8WLFMg','2018-01-16 09:02:24','2018-01-16 09:32:34','eyJhbGciOiJIUzI1NiIsInR5cCI6IkpXVCJ9','eyJleHAiOjE1MTYwNjI3NzQsIlVTRVJfSUQiOiJqZW9uZyIsImlzcyI6InNtYXJ0aW9rIn0','bi6XrePdpTnYcI68Vbt2vwZZ8k_dFycVpkA0B8WLFMg','tHGts/JNzzb6g3qOrzbBX4CK1LBT/zIuTTrHE0Yc3WHdiCwIOsk5rBO1Jaz1J78Z',NULL,'-69a1c0adea680b3f',NULL,NULL,NULL,'bdw1002','2017-11-29 15:05:46','system','2018-01-16 09:02:24'),
	(695,'AD00502',NULL,'jwkim','fumT4DmfVP/X+RgvSg1CBNA6QAberSGDf0Iu49s0cMSlundj0QVHqTM+hS6BcVyY','김진우','','','','',NULL,NULL,NULL,NULL,NULL,NULL,NULL,'AD00404',125,'101','101',626,'N',NULL,NULL,'eyJhbGciOiJIUzI1NiIsInR5cCI6IkpXVCJ9.eyJleHAiOjE1MTU1NzQyNzQsIlVTRVJfSUQiOiJqd2tpbSIsImlzcyI6InNtYXJ0aW9rIn0.ECpePcq7Rxp4dgkL_6g43GIa9Gefn2u-1TzYvq4PT88','2018-01-10 17:20:44','2018-01-10 17:50:54','eyJhbGciOiJIUzI1NiIsInR5cCI6IkpXVCJ9','eyJleHAiOjE1MTU1NzQyNzQsIlVTRVJfSUQiOiJqd2tpbSIsImlzcyI6InNtYXJ0aW9rIn0','ECpePcq7Rxp4dgkL_6g43GIa9Gefn2u-1TzYvq4PT88','NrIqBZpy6eLSxplsuK3+sW/M2jt05L+ISvz6WpqTd5pggkTsjISO0Dh3zo2N5Nl9',NULL,'-71f91cc145d3474b',NULL,NULL,NULL,'jinwoo_kim','2017-11-29 15:08:27','system','2018-01-10 17:20:48'),
	(696,'AD00502',NULL,'cho','fumT4DmfVP/X+RgvSg1CBNA6QAberSGDf0Iu49s0cMSlundj0QVHqTM+hS6BcVyY','조정후','','','','',NULL,NULL,NULL,NULL,NULL,NULL,NULL,'AD00404',125,'101','101',626,'Y',NULL,NULL,'eyJhbGciOiJIUzI1NiIsInR5cCI6IkpXVCJ9.eyJleHAiOjE1MTQ4NTEyNDksIlVTRVJfSUQiOiJjaG8iLCJpc3MiOiJzbWFydGlvayJ9.owvBLqbaK6rJd8XuK3cz0jZ2GieCTnRnETcdpRPRAMU','2018-01-02 08:50:19','2018-01-02 09:00:49','eyJhbGciOiJIUzI1NiIsInR5cCI6IkpXVCJ9','eyJleHAiOjE1MTQ4NTEyNDksIlVTRVJfSUQiOiJjaG8iLCJpc3MiOiJzbWFydGlvayJ9','owvBLqbaK6rJd8XuK3cz0jZ2GieCTnRnETcdpRPRAMU','cEPQdUqCETUpH4Hf5BSDSlCksZC2k6WdJoWvWN6IUijliaNnv32h9vbCUkRUMe9f',NULL,'-6af3f1e61c24f658',NULL,NULL,NULL,'jinwoo_kim','2017-11-29 18:11:00','system','2018-01-02 08:50:19'),
	(697,'AD00502',NULL,'rho','fumT4DmfVP/X+RgvSg1CBNA6QAberSGDf0Iu49s0cMSlundj0QVHqTM+hS6BcVyY','미스로','','','','',NULL,NULL,NULL,NULL,NULL,NULL,NULL,'AD00404',125,'101','101',626,'N',NULL,NULL,'eyJhbGciOiJIUzI1NiIsInR5cCI6IkpXVCJ9.eyJleHAiOjE1MTQ4ODM0MjcsIlVTRVJfSUQiOiJyaG8iLCJpc3MiOiJzbWFydGlvayJ9.gmvj_voRNePZgFgh-zAkAosRvKJ9ebA2ocUdxSppD4c','2018-01-02 17:26:37','2018-01-02 17:56:47','eyJhbGciOiJIUzI1NiIsInR5cCI6IkpXVCJ9','eyJleHAiOjE1MTQ4ODM0MjcsIlVTRVJfSUQiOiJyaG8iLCJpc3MiOiJzbWFydGlvayJ9','gmvj_voRNePZgFgh-zAkAosRvKJ9ebA2ocUdxSppD4c','7PMyRGH7mniTKOFT34TnWOB/ym/CDASyjcWozyP5T0z9/6bNnO8Zw3cmzxTd58w4',NULL,'-1068060958a45943',NULL,NULL,NULL,'ssrho','2017-12-06 09:42:29','system','2018-01-02 17:26:39');

/*!40000 ALTER TABLE `USR_INFO` ENABLE KEYS */;
UNLOCK TABLES;


# Dump of table USR_INFO_HIST
# ------------------------------------------------------------

DROP TABLE IF EXISTS `USR_INFO_HIST`;

CREATE TABLE `USR_INFO_HIST` (
  `SEQ_ID` int(11) NOT NULL AUTO_INCREMENT,
  `USR_ID` int(11) NOT NULL,
  `CLASS` varchar(30) DEFAULT NULL,
  `USER_IP` varchar(30) DEFAULT NULL,
  `ACC_IP` varchar(200) DEFAULT NULL,
  `ACC_DT` datetime DEFAULT NULL,
  `REG_ID` varchar(10) DEFAULT NULL,
  `REG_DT` datetime DEFAULT NULL,
  PRIMARY KEY (`SEQ_ID`)
) ENGINE=InnoDB DEFAULT CHARSET=utf8;



# Dump of table USR_REG_AGREEMENT
# ------------------------------------------------------------

DROP TABLE IF EXISTS `USR_REG_AGREEMENT`;

CREATE TABLE `USR_REG_AGREEMENT` (
  `ID` int(11) NOT NULL AUTO_INCREMENT,
  `USE_YN` char(1) NOT NULL DEFAULT 'N',
  `CONTENT` varchar(8000) DEFAULT NULL,
  `CONTENT_DATE` varchar(45) DEFAULT NULL,
  `REG_ADMIN_ID` varchar(45) DEFAULT NULL,
  `REG_DTTM` datetime DEFAULT CURRENT_TIMESTAMP,
  PRIMARY KEY (`ID`)
) ENGINE=InnoDB DEFAULT CHARSET=utf8;




/*!40111 SET SQL_NOTES=@OLD_SQL_NOTES */;
/*!40101 SET SQL_MODE=@OLD_SQL_MODE */;
/*!40014 SET FOREIGN_KEY_CHECKS=@OLD_FOREIGN_KEY_CHECKS */;
/*!40101 SET CHARACTER_SET_CLIENT=@OLD_CHARACTER_SET_CLIENT */;
/*!40101 SET CHARACTER_SET_RESULTS=@OLD_CHARACTER_SET_RESULTS */;
/*!40101 SET COLLATION_CONNECTION=@OLD_COLLATION_CONNECTION */;
